id_campeonato,nombre_campeonato,nombre_torneo
1,Rolf Hoppe 2017,Escolar Atlético Francés
8,Primera Fecha 2017,Grand Prix de Atletismo Escolar UC
9,Segunda Fecha 2017,Grand Prix de Atletismo Escolar UC
10,Tercera Fecha 2017,Grand Prix de Atletismo Escolar UC
11,Cuarta Fecha 2017,Grand Prix de Atletismo Escolar UC
12,Octogonal Final 2017,Grand Prix de Atletismo Escolar UC
13,Metropolitano U20 2017,Metropolitano U20
14,Futuro Preparatorio 2017,Futuro Preparatorio
15,Metropolitano U18 2017,Metropolitano U18
18,CSB 2017,Copa San Benito
19,Futuro Final 2017,Futuro Final
20,Día del Niño 2017,Día del Niño
23,"Copa San Anselmo ""María Gracia Varas"" 2017","Copa San Anselmo ""María Gracia Varas"""
24,Mixto Final 2017,Escolar Atlético Francés
25,Nacional de Menores y Cadetes 2017,Nacional de Menores y Cadetes
26,New Balance Finals 2017,New Balance Finals
27,2018,Metropolitano de Cross Country
28,USACH 2018,Todo Competidor AARM
29,Rolf Hoppe 2018,Escolar Atlético Francés
30,Primera Fecha 2018,Grand Prix de Atletismo Escolar UC
31,Segunda Fecha 2018,Grand Prix de Atletismo Escolar UC
32,San Ignacio 2018,Todo Competidor AARM
33,Tercera Fecha 2018,Grand Prix de Atletismo Escolar UC
34,Cuarta Fecha 2018,Grand Prix de Atletismo Escolar UC
35,Octogonal Final 2018,Grand Prix de Atletismo Escolar UC
36,Mixto Final 2018,Escolar Atlético Francés
37,Futuro Preparatorio 2018,Futuro Preparatorio
38,Futuro Final 2018,Futuro Final
39,Día del Niño 2018,Día del Niño
40,Metropolitano U18 2018,Metropolitano U18
41,La Pintana 2018,Todo Competidor AARM
42,Carabineros 2018,Todo Competidor AARM
43,Ejercito 2018,Todo Competidor AARM
44,Atlético Francés 2018,Todo Competidor AARM
45,Puente Alto 2018,Todo Competidor AARM
46,Escuela Militar 2018,Todo Competidor AARM
50,U. de Chile 2018,Todo Competidor AARM
51,YKA 2018,Todo Competidor AARM
52,Metropolitano U20 2018,Metropolitano U20
53,Carlos Strutz 2018,Todo Competidor AARM
55,Grand Prix Sudamericano CDUC  2018,Grand Prix Sudamericano CDUC
57,Copa Villa María 2018,Copa Villa María
58,Festival de Carreras Colegios Municipalizados 2018,Festival de Carreras Colegios Municipalizados
59,CSB 2018,Copa San Benito
61,"Copa San Anselmo ""María Gracia Varas"" 2018","Copa San Anselmo ""María Gracia Varas"""
63,Copa Santa Úrsula 2018,Copa Santa Úrsula
64,Copa Padre Hurtado de Chillán 2018,Copa Padre Hurtado de Chillán
65,Copa Everest 2018,Copa Everest
66,Velocidad y Saltos 2018,Meeting UC
69,CODEFEN 2018,Campeonato de Atletismo Interescuelas Matrices - CODEFEN
70,Perú 2018,Iberoamericano
71,Cuarta Fecha 2018,Copa Atletismo Escolar RM
72,Quinta Fecha 2018,Copa Atletismo Escolar RM
73,Copa La Cruz 2018,Copa La Cruz
74,Selectivo Final JJAA 2018,Región de Los Rios
76,Ciudad de Concepción 2018,Escolar Mixto
77,New Balance Finals 2018,New Balance Finals
78,Karsten Brodersen 2018,Karsten Brodersen
80,Escolar Nahuén 2018,Escolar Nahuén
81,Nacional Master 2018,Nacional Master
84,Meeting Kia para Padres 2018,Meeting Kia para Padres
85,Sexta Fecha 2018,Copa Atletismo Escolar RM
87,Segunda Fecha 2018,Copa Atletismo Escolar - Coquimbo
92,2019,Metropolitano de Cross Country
93,Futuro Preparatorio 2019,Futuro Preparatorio
94,Día del Niño 2019,Día del Niño
95,Futuro Final 2019,Futuro Final
96,Rolf Hoppe 2019,Escolar Atlético Francés
97,Mixto Final 2019,Escolar Atlético Francés
98,New Balance Finals 2019,New Balance Finals
99,Primera fecha 2019,Grand Prix de Atletismo Escolar UC
100,Segunda Fecha 2019,Grand Prix de Atletismo Escolar UC
101,Tercera Fecha 2019,Grand Prix de Atletismo Escolar UC
102,Cuarta Fecha 2019,Grand Prix de Atletismo Escolar UC
103,Octogonal Final 2019,Grand Prix de Atletismo Escolar UC
108,"Saltos, Medio Fondo y Fondo 2019",Región de Los Rios
111,Metropolitano U20 2019,Metropolitano U20
113,Harambeé/ N. Carvajal 2019,Todo Competidor AARM
126,Selectivo Binacionales RM 2019,Selectivo Binacionales RM
129,Ejercito 2019,Todo Competidor AARM
130,Puente Alto 2019,Todo Competidor AARM
131,Carabineros 2019,Todo Competidor AARM
133,Metropolitano U18 2019,Metropolitano U18
135,Atlético Francés 2019,Todo Competidor AARM
138,Carlos Strutz 2019,Todo Competidor AARM
145,Regional de Lanzamientos 2019,Región de Los Rios
146,Regional de Velocidad y Vallas 2019,Región de Los Rios
147,Velocidad y Saltos 2019,Meeting Club Manquehue
148,Control de Lanzamientos 2019,Región de Los Rios
149,Torneo Ovidio Gajardo Gajardo 2019,Torneo Ovidio Gajardo Gajardo
151,Oassi/ Estudiantes 2019,Todo Competidor AARM
153,Copa Maitenes 2019,Copa Maitenes
154,Primera Fecha 2019,Copa Atletismo Escolar RM
155,2019,Control Evaluativo Fedachi
156,Campeonato Atlético Junior 2019,Campeonato Atlético Junior
157,Campeonato Atlético Senior 2019,Campeonato Atlético Senior
158,Segunda Fecha 2019,Copa Atletismo Escolar RM
159,Copa Instituto Inglés de Rancagua 2019,Copa Instituto Inglés de Rancagua
160,Primera Fecha 2019,Copa Atletismo Escolar - Rancagua
161,Selectivo Oficial JJAA 2019,Región de Los Rios
162,1º Torneo Asociación Atlética 2019,Región de Coquimbo
163,Tercera Fecha 2019,Copa Atletismo Escolar RM
164,Mayor Cup 2019,Mayor Cup
165,Copa Villa María 2019,Copa Villa María
166,Primera Fecha 2019,Juegos Deportivos Escolares - RM
167,Segunda Fecha 2019,Juegos Deportivos Escolares - RM
168,Tercera Fecha 2019,Juegos Deportivos Escolares - RM
169,2º Selectivo JJAA 2019,Región de Los Rios
170,"Copa San Anselmo ""María Gracia Varas"" 2019","Copa San Anselmo ""María Gracia Varas"""
171,Control Evaluativo UC 2019,Control Evaluativo UC
172,Copa Santa Úrsula 2019,Copa Santa Úrsula
173,Torneo Atlético Ciudad de La Serena 2019,Torneo Atlético Ciudad de La Serena
174,Escuela Militar 2019,Todo Competidor AARM
175,Copa Padre Hurtado de Chillán 2019,Copa Padre Hurtado de Chillán
176,Cuarta Fecha 2019,Copa Atletismo Escolar RM
177,Copa La Cruz 2019,Copa La Cruz
178,Olimpiadas Colegios Particulares Subvencionados 2019,Olimpiadas Colegios Particulares Subvencionados
179,Saint George's Cup 2019,Saint George's Cup
180,Segunda Fecha 2019,Copa Atletismo Escolar - Rancagua
181,-,
182,Torneo Club Sporting Coquimbo 2019,Torneo Club Sporting Coquimbo
183,CODEFEN 2019,Campeonato de Atletismo Interescuelas Matrices - CODEFEN
184,Copa Tabancura 2019,Copa Tabancura
186,Quinta Fecha  2019,Copa Atletismo Escolar RM
187,CSB 2019,Copa San Benito
188,Torneo Atlético C.D.S.C. San Antonio 2019,Torneo Atlético C.D.S.C. San Antonio
189,Karsten Brodersen 2019,Karsten Brodersen
190,Copa Trebulco 2019,Copa Trebulco
191,Torneo Atlético Escolar Karen Gallardo Pinto 2019,Torneo Atlético Escolar Karen Gallardo Pinto
192,2019,Torneo Club Atlético O'Higgins
194,Escuela de Aviación (Suspendido) 2019,Todo Competidor AARM
195,Torneo Regional 2019,Asociación Quinta Región
196,Regional Sub12 2019,Juegos Deportivos Escolares - Ñuble
197,Saltos 2019,Meeting UC
198,Saltos y Lanzamientos 2019,Meeting UC
202,Selectivo Regional Cross Country 2020,Asociación Quinta Región
203,Primera fecha 2020,Grand Prix de Atletismo Escolar UC
204,Segunda Fecha 2020,Grand Prix de Atletismo Escolar UC
213,Copa Maitenes 2020,Copa Maitenes
215,Febrero 2020,Meeting Club Manquehue
218,U. De Chile 2020,Todo Competidor AARM
219,Harambeé/ N. Carvajal 2020,Todo Competidor AARM
285,Copa Atlética Campanario 2020,Copa Atlética Campanario
289,Rolf Hoppe 2020,Escolar Atlético Francés
290,Apertura 2020,Meeting UC
292,Indoor 2020,Meeting UC
293,1º Fecha 2020,Copa Atletismo Escolar RM
294,Sexta Fecha 2019,Copa Atletismo Escolar RM
296,Torneo Jaime Torres Ayala 2020,Torneo Jaime Torres Ayala
313,1º Top 10 2021,Meeting UC
314,2º Top 10 2021,Meeting UC
315,1º Top 3 2021,Meeting UC
316,-,
317,1º Top 3 U20 2021,Meeting UC
318,2021,Meeting NCT - Talagante
319,Torneo Preparatorio de Medio Fondo y Fondo 2021,Torneo Preparatorio de Medio Fondo y Fondo
320,2º Top 3 U20 2021,Meeting UC
321,-,
325,Meeting Pruebas Combinadas 2021,Meeting Pruebas Combinadas
326,Metropolitano U18 2021,Metropolitano U18
327,Atlético Francés/ Puente Alto 2021,Todo Competidor AARM
328,Metropolitano U20 2021,Metropolitano U20
330,Portuarios 2021,Todo Competidor AARM
331,Torneo Guillermo García Huidobro 2021,Torneo Guillermo García Huidobro
332,Carl Strutz 2021,Todo Competidor AARM
333,Nicolás Carvajal 2021,Todo Competidor AARM
342,Copa O'Higgins Ejercito 2021,Copa O'Higgins Ejercito
343,Aniversario 2021,Campeonato Club Nilda Rojas
345,Torneo Fiestas Patrias 2021,Torneo Fiestas Patrias
350,Torneo Atlético Bio Bio 2021,Torneo Atlético Bio Bio
351,Fiestas Patrias 2021,Open UC
352,Copa Villa María 2021,Copa Villa María
353,CODEFEN 2021,Campeonato de Atletismo Interescuelas Matrices - CODEFEN
354,Control de Marcas La Pintana 2021,Control de Marcas La Pintana
355,Primavera 2021,Torneo Regional AARV
356,Torneo Gregorio Corvalán 2021,Torneo Gregorio Corvalán
357,Torneo Aniversario Club Atlético Chuquicamata 2021,Torneo Aniversario Club Atlético Chuquicamata
358,1º Control Atlético 2021,Meeting Club Manquehue
359,Torneo Aniversario Ciudad de Concepción 2021,Torneo Aniversario Ciudad de Concepción
360,Grand Prix Colegios Varones Seduc 2021,Grand Prix Colegios Varones Seduc
361,Torneo Ases del Futuro 2021,Torneo Ases del Futuro
362,Torneo Gabriel Barrenechea Leal 2021,Torneo Gabriel Barrenechea Leal
365,Encuentro de Saltos Colegio San Francisco de Asis 2021,Encuentro de Saltos Colegio San Francisco de Asis
366,Torneo Colegio Puerto Varas 2021,Torneo Colegio Puerto Varas
367,Torneo Regional Aniversario AARV 2021,Torneo Regional Aniversario AARV
368,Tarde de Saltos y Lanzamientos 2021,Tarde de Saltos y Lanzamientos
372,"Campeonato Master ""Perla del Norte"" 2021","Campeonato Master ""Perla del Norte"""
373,Torneo Graciela Mardones Medina 2021,Torneo Graciela Mardones Medina
374,Torneo Regional Juegos Araucanía 2021,Torneo Regional Juegos Araucanía
375,Clausura 2021,Open UC
376,Clausura 2021,Grand Prix de Atletismo Escolar UC
377,Campeonato Universitario 2021,Campeonato Universitario
379,Clausura 2021,Torneo Regional AARV
380,Torneo Héctor Constanzo Toro 2021,Región del Bio Bío
381,1º Fecha 2021,Campeonato Club Nilda Rojas
382,Torneo Jorge Segura Bustos 2021,Región del Bio Bío
383,Interescolar Talagante 2021,Interescolar Talagante
384,Meeting de Saltos Francisco Zupeuc 2021,Meeting de Saltos Francisco Zupeuc
385,Jorge Grosser Castillo 2021,Región del Bio Bío
386,Clausura 2021,Torneo Club Atlético Liceo
387,Torneo Stanislav Vozniak 2021,Torneo Stanislav Vozniak
388,Torneo Atletismo Formativo 2021,Región del Bio Bío
389,2021,Juegos Deportivos Escolares - O'Higgins
390,Encuentro Pruebas Combinadas 2021,Circuito Atlético de Verano
391,Meeting Clausura San Fernando 2021,Región de O'Higgins
396,Glorias del Ejército 2022,Torneo Club Atlético Liceo
398,Marcha Atlética en Ruta 2022,Campeonato Nacional
399,1º Todo Competidor 2022,Meeting Club Manquehue
400,San Ignacio 2022,Todo Competidor AARM
401,Carl Strutz 2022,Todo Competidor AARM
409,Metropolitano U20 2022,Metropolitano U20
411,Torneo Mario Correa Letelier 2022,Torneo Mario Correa Letelier
413,Torneo Stanislav Vozniak 2022,Torneo Stanislav Vozniak
414,Velocidad y Saltos 2022,Campeonato Nacional de Área
415,U20 2022,Campeonato Nacional
416,U18/ U16 2022,Campeonato Nacional
417,Primera Fecha 2022,Grand Prix de Atletismo Escolar UC
418,Segunda Fecha 2022,Grand Prix de Atletismo Escolar UC
419,Tercera Fecha 2022,Grand Prix de Atletismo Escolar UC
420,Cuarta Fecha 2022,Grand Prix de Atletismo Escolar UC
421,Octogonal Final 2022,Grand Prix de Atletismo Escolar UC
422,Rolf Hoppe 2022,Escolar Atlético Francés
423,Mixto Final 2022,Escolar Atlético Francés
424,Adulto 2022,Campeonato Nacional
425,Orlando Guaita 2022,Grand Prix Internacional
429,New Balance Finals 2022,New Balance Finals
430,Día del Niño 2022,Día del Niño
431,Selectivo Regional Cross Country 2022,Región del Bio Bío
432,1º Control Lanzamientos 2022,Región de Los Rios
433,2º Control Lanzamientos 2022,Región de Los Rios
434,Regional de Lanzamientos 2022,Región de Los Rios
435,Regional de Medio Fondo 2022,Región de Los Rios
436,Regional de Velocidad y Vallas 2022,Región de Los Rios
437,1º Meeting de Verano UC 2022,Meeting UC
438,Torneo de Verano 2022,Torneo Club Atlético Liceo
440,Lanzamientos 2022,Campeonato Nacional de Área
441,Atlético Preparatorio 2022,Región del Bio Bío
442,Apertura 2022,Asociación Quinta Región
443,Otoño Iº Etapa 2022,Asociación Quinta Región
444,Otoño IIº Etapa 2022,Asociación Quinta Región
446,Cross Country Invierno 2022,Asociación Quinta Región
447,Invierno 2022,Asociación Quinta Región
448,Evaluativo Juegos Binacionales 2022,Asociación Quinta Región
449,10.000 Metros Planos 2022,Campeonato Nacional
450,1º Festival de Lanzamientos Vera 2022,Región de Atacama
451,Evaluativo U18 2022,Evaluativo U18
452,Fondo y Medio Fondo 2022,Campeonato Nacional
453,Marzo 2022,Meeting UC
454,1º Apertura 2022,Torneo APRAC
455,Indoor 2022,Campeonato Sudamericano
456,Mujeres 2022,Copa San Benito
457,Torneo Colegio Puerto Varas 2022,Torneo Colegio Puerto Varas
458,Torneo Ases del Futuro 2022,Torneo Ases del Futuro
459,Torneo Atlético Runnorth Chile 2022,Torneo Atlético Runnorth Chile
460,1º Fecha 2022,Copa Atletismo Escolar RM
461,2º Fecha 2022,Copa Atletismo Escolar RM
462,3º Fecha 2022,Copa Atletismo Escolar RM
463,4º Fecha 2022,Copa Atletismo Escolar RM
464,5º Fecha 2022,Copa Atletismo Escolar RM
465,6º Fecha 2022,Copa Atletismo Escolar RM
466,2º Atlético Preparatorio 2022,Región del Bio Bío
467,1º Control 2022,Torneo APRAC
468,2º Todo Competidor 2022,Meeting Club Manquehue
469,Abril 2022,Meeting UC
471,Preparatorio C. Nacional 2022,Torneo Atlético Phoenix
472,Torneo de La Araucanía 2022,Torneo Atlético Phoenix
473,Apertura 2022,Torneo Asoc. Atletismo Curicó
474,Día del Niño 2022,Torneo Asoc. Atletismo Curicó
475,2º Meeting Alejandra Ramos 2022,Torneo Asoc. Atletismo Curicó
476,Clausura 2022,Torneo Asoc. Atletismo Curicó
478,Aniversario 2022,Torneo Club Atlético Liceo
479,2º Festival de Lanzamientos 2022,Región de Atacama
480,Futuro Preparatorio 2022,Futuro Preparatorio
481,Futuro Final 2022,Futuro Final
482,Copa Villa María 2022,Copa Villa María
483,1º Fecha 2022,Evaluativo 21K
485,1º Fecha 2022,Copa Atletismo Escolar - Rancagua
486,1º Evaluativo 2022,Región de O'Higgins
487,Apertura 2022,Región de Coquimbo
488,Apertura Talca 2022,Torneo Atlético Piduco
489,Hombres 2022,Copa San Benito
490,Torneo Aniversario Antofagasta 2022,Torneo Aniversario Antofagasta
491,1º Fecha 2022,Copa Zona Sur Marcha en Ruta
492,2º Control 2022,Torneo APRAC
494,1º Fecha 2022,Juegos Deportivos Escolares - O'Higgins
495,Mayo 2022,Meeting UC
496,2º Torneo Raúl Guarda Strobel 2022,Región del Bio Bío
497,Torneo Regional Escolar y Clubes AARV 2022,Torneo Regional Escolar y Clubes AARV
498,Comunal Chillán 2022,Juegos Deportivos Escolares - Ñuble
499,Torneo Atlético Ciudad de Linares 2022,Torneo Atlético Ciudad de Linares
500,Torneo Glorias Navales Conmemorativas 2022,Torneo Glorias Navales Conmemorativas
501,Vallas y Garrocha 2022,Meeting UC
502,2º Evaluativo 2022,Región de O'Higgins
503,Campeonato Fenaude Zona Costa 2022,Campeonato Fenaude Zona Costa
504,Primera Fecha 2022,Circuito Atletismo Masters UC
505,Junio 2022,Meeting UC
506,Copa Iquique 2022,Copa Iquique
507,2022,Torneo Condell Runners
508,2º Fecha 2022,Juegos Deportivos Escolares - O'Higgins
509,Selectivo 2022,Juegos Deportivos Escolares - RM
510,-,
511,1º Fecha 2022,Torneo Instituto Alonso de Ercilla
512,2º Fecha 2022,Torneo Instituto Alonso de Ercilla
513,2º Junio 2022,Meeting UC
514,Selectivo Binacionales RM 2022,Selectivo Binacionales RM
515,1º Evaluativo Lanzamientos 2022,Torneo Atlético Phoenix
516,1° Fecha 2022,Metropolitano de Cross Country
517,1º Lanzamientos 2022,Meeting CAS
519,Cross Country Cadecu Athletic 2022,Cross Country Cadecu Athletic
520,Cross Country Invierno 2022,Campeonato Nacional
521,Control de Invierno 2022,Torneo APRAC
522,1º Evaluativo Pista 2022,Torneo Atlético Phoenix
523,1º Evaluativo Saltos 2022,Torneo Atlético Phoenix
524,2º Evaluativo Pista 2022,Torneo Atlético Phoenix
525,1º Control Lanzamientos 2022,Región de Arica y Parinacota
526,2º Control Lanzamientos 2022,Región de Arica y Parinacota
527,Cross Country Invierno Penco 2022,Región del Bio Bío
528,Selectivo Binacionales O'Higgins 2022,Selectivo Binacionales O'Higgins
529,Torneo Atlético Perla del Norte 2022,Torneo Atlético Perla del Norte
530,1º Control de Lanzamientos U18 2022,Región de Los Rios
531,Meeting de Saltos Francisco Zupeuc 2022,Meeting de Saltos Francisco Zupeuc
532,Regional Sub 14 2022,Juegos Deportivos Escolares - Ñuble
533,Coronel 2022,Cross Country Coronel
534,Copa O'Higgins Ejercito 2022,Copa O'Higgins Ejercito
535,Día del Niño Agua Quitral 2022,Torneo APRAC
536,Copa Ciudad de Chillán 2022,Copa Ciudad de Chillán
537,Laja 2022,Cross Country Coronel
538,2º Control de Lanzamientos U18 2022,Región de Los Rios
539,Campeonato de Invierno 2022,Campeonato de Invierno
540,3º Fecha 2022,Juegos Deportivos Escolares - O'Higgins
541,4º Fecha 2022,Juegos Deportivos Escolares - O'Higgins
542,Copa La Cruz 2022,Copa La Cruz
543,Copa Maitenes 2022,Copa Maitenes
544,173º Aniversario Ciudad Coronel 2022,Región del Bio Bío
545,2º Fecha 2022,Evaluativo 21K
547,"U18, Sao Paulo, Brasil. 2022",Campeonato Sudamericano
548,Marlene Ahrens 2022,Grand Prix Internacional
549,U23 2022,Campeonato Sudamericano
555,1º Selectivo Regional 2022,Región de Los Rios
556,Juegos Escolares Universidad Talca 2022,Juegos Escolares Universidad Talca
557,Primavera 2022,Asociación Quinta Región
558,Torneo Juan Silva Rodríguez 2022,Región del Bio Bío
559,Agosto 2022,Meeting UC
560,Jorge Grosser 2022,Grand Prix Internacional
561,Club Atlético Francés 2022,Liga Atlética Regional Metropolitana
562,Universidad Católica 2022,Liga Atlética Regional Metropolitana
563,CAPA y La Pintana 2022,Liga Atlética Regional Metropolitana
564,AARM 2022,Liga Atlética Regional Metropolitana
565,Metropolitano U18 2022,Liga Atlética Regional Metropolitana
566,NCT y Atl. Melipilla 2022,Liga Atlética Regional Metropolitana
567,Oassi y A.Estudiantes 2022,Liga Atlética Regional Metropolitana
569,Campeonato Promesas de Atletismo Sub23 2022,Campeonato Promesas de Atletismo Sub23
570,Femenino 2022,Juegos Nacionales Maristas
572,2º Agosto 2022,Meeting UC
573,Copa Atlética Campanario 2022,Copa Atlética Campanario
574,Campeonato de Temuco 2022,Región de La Araucanía
575,1º Todo Competidor 2022,Región de Arica y Parinacota
576,Control Selectivo Araucanía 2022,Región de Ñuble
577,Torneo Atlético Escolar Karen Gallardo Pinto 2022,Torneo Atlético Escolar Karen Gallardo Pinto
578,Torneo Promesas del Atletismo 2022,Torneo Promesas del Atletismo
579,Segunda Fecha 2022,Circuito Atletismo Masters UC
580,Torneo Gregorio Corvalán 2022,Torneo Gregorio Corvalán
581,Selectivo Final JJAA 2022,Región de Los Rios
582,1º Exhibición Masters 2022,Meeting UC
583,Olimpiadas de Atletismo FEMVO 2022,Olimpiadas de Atletismo FEMVO
584,Karsten Brodersen 2022,Karsten Brodersen
585,1º Meeting 2022,Región de La Araucanía
586,Meeting Aniversario 2022,Asociación Quinta Región
587,"Campeonato Master ""Perla del Norte"" 2022","Campeonato Master ""Perla del Norte"""
588,Selectivo Juegos Araucanía 2022,Región del Bio Bío
589,Copa Instituto Inglés de Rancagua 2022,Copa Instituto Inglés de Rancagua
590,CODEFEN 2022,Campeonato de Atletismo Interescuelas Matrices - CODEFEN
591,Torneo Confraternidad SSCC 2022,Torneo Confraternidad SSCC
592,Regional Juvenil 2022,Juegos Deportivos Escolares - Ñuble
593,Copa Vitacura 2022 2022,Copa Vitacura
594,Masculino 2022,Juegos Nacionales Maristas
595,Campeonato Primavera Ñielol 2022,Campeonato Primavera Ñielol
596,Torneo Aniversario Club Atlético Chuquicamata 2022,Torneo Aniversario Club Atlético Chuquicamata
597,Copa Phoenix 2022,Copa Phoenix
598,Tercera Fecha 2022,Circuito Atletismo Masters UC
599,U14 2022,Torneo APRAC
600,Torneo Aniversario Ciudad de Concepción 2022,Torneo Aniversario Ciudad de Concepción
601,Torneo Enseñanza Básica y Media de San Fernando 2022,Torneo Enseñanza Básica y Media de San Fernando
602,Aniversario 1º Versión 2022,Torneo Club Atlético Búfalos de Tarapacá
603,Copa Liceo Bicentenario de Coihueco 2022,Copa Liceo Bicentenario de Coihueco
604,2º Todo Competidor 2022,Región de Arica y Parinacota
605,2º Fecha 2022,Torneo Atletismo Universitario RM
606,2º Exhibición Masters 2022,Meeting UC
607,-,
608,Torneo Graciela Mardones Medina 2022,Torneo Graciela Mardones Medina
609,Octubre 2022,Meeting UC
610,Olimpiadas Atléticas Nacionales Colegios Adventistas 2022,Olimpiadas Atléticas Nacionales Colegios Adventistas
611,1º Selectivo Regional 2022,Región de Coquimbo
612,Torneo Club Atlético Universitario 2022,Torneo Club Atlético Universitario
613,Aniversario 2º Versión 2022,Torneo Club Atlético Búfalos de Tarapacá
614,Garrocha 2022,Meeting UC
615,Copa Colegio Inglés de Talca 2022,Copa Colegio Inglés de Talca
616,Aniversario y Clausura 2022,Campeonato Club Nilda Rojas
617,Selectivo ADR 2022,Región de Antofagasta
618,Clausura 2022,Región de O'Higgins
619,Selectivo ADR U16 2022,Región de Antofagasta
620,2º Fecha 2022,Copa Zona Sur Carreras Pedestres
621,2º Fecha  2022,Copa Zona Sur Marcha en Ruta
622,Campeonato Atlético Formativo Pruebas Combinadas 2022,Campeonato Atlético Formativo Pruebas Combinadas
623,XLIº Version 2022,Rotary Club Linares
625,2º Selectivo Regional  2022,Región de Coquimbo
626,Zonal Norte 2022,Región de Arica y Parinacota
627,Lucy López Cruz 2022,Liga Atlética Regional Metropolitana
628,Juegos Olímpicos para Padres 2022,Juegos Olímpicos para Padres
629,1º Fecha 2022,Torneo Atletismo Formativo
630,Hector Constanzo Toro 2022,Torneo Atletismo Formativo
631,Campeonato Nacional FENAUDE 2022,Campeonato Nacional FENAUDE
632,2° Fecha 2022,Metropolitano de Cross Country
633,1º Fecha 2023,Copa Atletismo Escolar RM
634,2º Fecha 2023,Copa Atletismo Escolar RM
635,3º Fecha 2023,Copa Atletismo Escolar RM
636,4º Fecha 2023,Copa Atletismo Escolar RM
637,Torneo San Silvestre 2022,Torneo San Silvestre
638,Selectivo Cross Country 2023 2022,Región del Bio Bío
639,5º Fecha 2023,Copa Atletismo Escolar RM
640,6º Fecha 2023,Copa Atletismo Escolar RM
644,Cross Country Verano  2023,Campeonato Nacional
645,Regional Marcha Atlética en Ruta 2023,Torneo Club Deportivo Freire
646,Apertura 2023,Torneo Atlético Phoenix
647,Torneo Colegio Carampangue 2023,Torneo Colegio Carampangue
648,Torneo de Verano 2023,Torneo Club Atlético Liceo
650,Torneo de Apertura 2023,Torneo Asoc. Atletismo Curicó
651,Torneo Aniversario 2023,Torneo Club Atlético Liceo
652,Día del Niño 2023,Torneo Asoc. Atletismo Curicó
653,Glorias del Ejercito 2023,Torneo Club Atlético Liceo
654,3° Meeting Alejandra Ramos 2023,Torneo Asoc. Atletismo Curicó
655,Clausura 2023,Torneo Asoc. Atletismo Curicó
656,Torneo de Invierno 2023,Torneo Condell Runners
657,Lanzamientos 2023,Asociación Quinta Región
658,Fondo y Medio Fondo 2023,Asociación Quinta Región
659,"Velocidades, Saltos y Vallas 2023",Asociación Quinta Región
662,Apertura 1° Etapa 2023,Asociación Quinta Región
663,Apertura 2° Etapa 2023,Asociación Quinta Región
664,-,
665,-,
666,Cross Country Invierno 2023,Asociación Quinta Región
667,Etapa 1° 2023,Evaluativo Binacionales Valparaiso
668,Etapa 2° 2023,Evaluativo Binacionales Valparaiso
670,-,
671,Preparatorio 2023,Región del Bio Bío
672,Torneo Gregorio Corvalán 2023,Torneo Gregorio Corvalán
673,Torneo Atlético Bio Bio 2023,Torneo Atlético Bio Bio
674,Torneo Atlético Juan Silva Rodríguez 2023,Torneo Atlético Juan Silva Rodríguez
675,Torneo Atlético Raúl Guarda 2023,Torneo Atlético Raúl Guarda
677,Cross Country Atlético Nahuen 2023,Región del Bio Bío
679,Torneo Aniversario Ciudad de Coronel 2023,Torneo Aniversario Ciudad de Coronel
680,Bío Bío 2023,Selectivo Binacionales La Araucanía
681,Torneo Graciela Mardones Medina 2023,Torneo Graciela Mardones Medina
683,Marlene Ahrens 2023,Grand Prix Internacional
684,Torneo Gabriel Barrenechea Leal 2023,Torneo Gabriel Barrenechea Leal
686,"Velocidades,Vallas y Medio Fondo 2023",Región de Los Rios
687,Lanzamientos y Saltos 2023,Región de Los Rios
688,Torneo de Verano 2023,Torneo Club Atlético Búfalos de Tarapacá
689,1° Fecha 2023,Copa Vitacura
690,2° Fecha 2023,Copa Vitacura
691,Rolf Hoppe 2023,Escolar Atlético Francés
692,1° Fecha 2023,Grand Prix de Atletismo Escolar UC
693,U20 2023,Campeonato Nacional
695,2° Fecha 2023,Grand Prix de Atletismo Escolar UC
696,Talagante 2023,Grand Prix Internacional
697,Adulto 2023,Campeonato Nacional
698,Futuro Preparatorio 2023,Futuro Preparatorio
699,U16/U18 2023,Campeonato Nacional
700,3° Fecha 2023,Grand Prix de Atletismo Escolar UC
701,-,
702,2023 2023,Copa San Benito
703,Metropolitano U18 2023,Metropolitano U18
704,Velocidad y Saltos 2023,Campeonato Nacional de Área
705,4° Fecha 2023,Grand Prix de Atletismo Escolar UC
706,Copa Villa María 2023,Copa Villa María
708,Mixto Final 2023,Escolar Atlético Francés
709,Primavera 2023,Grand Prix Internacional
710,Jorge Grosser  2023,Grand Prix Internacional
711,New Balance Finals 2023,New Balance Finals
713,Octagonal Final 2023,Grand Prix de Atletismo Escolar UC
714,-,
716,Orlando Guaita 2023,Grand Prix Internacional
717,Puente Alto-Atlético Frances 2023,Todo Competidor AARM
719,UC 2023,Todo Competidor AARM
720,Carlos Strutz 2023,Todo Competidor AARM
721,Lucy López  2023,Todo Competidor AARM
723,Nicolás Carvajal 2023,Todo Competidor AARM
724,Torneo Mario Correa Letelier 2023,Torneo Mario Correa Letelier
727,Torneo Guillermo García Huidobro 2023,Torneo Guillermo García Huidobro
729,Atletismo 2023,Juegos Panamericanos
730,Marcha Atlética en Ruta 2023,Campeonato Nacional
731,Control Apertura 2023,Región de Ñuble
733,Torneo Profesora Mercedes Leiva 2023,Torneo Profesora Mercedes Leiva
734,1° Torneo Sexta Región 2023,Región de O'Higgins
735,Evaluativo Pista 2023,Región de Los Rios
736,Evaluativo Saltos y Lanzamientos 2023,Región de Los Rios
737,Apertura 2023,Torneo Club Atlético Formativo
738,Selectivo Binacionales O'Higgins 2023,Selectivo Binacionales O'Higgins
739,Juegos Sudamericanos Escolares 2022,Juegos Sudamericanos Escolares
740,1º Evaluativo 2023,Región de La Araucanía
741,San Ignacio 2023,Todo Competidor AARM
742,Selectivo Binacionales RM 2023,Selectivo Binacionales RM
743,10.000 mts planos 2023,Campeonato Nacional
744,Maratón 2023,Campeonato Nacional
745,"Alicante, España. 2022",Iberoamericano
746,"Adulto, Oregon (USA). 2022",Mundial
747,"Indoor Adulto,Beograd, Serbia. 2022",Mundial
748,Apertura 2023,Región de Arica y Parinacota
749,2º Evaluativo 2023,Región de La Araucanía
750,"U20, Cali. Colombia 2022",Mundial
755,Julio 2023,Meeting UC
756,Junio 2023,Meeting UC
757,Agosto 2023,Meeting UC
759,1º Fecha 2023,Copa Atletismo Escolar - Rancagua
760,1° Control 2023,Región de Antofagasta
764,Evaluativo Federado 2023,Región de Los Rios
765,2023,Torneo Club Atlético O'Higgins
768,3° Evaluativo 2023,Región de La Araucanía
769,1º Fecha U14 2023,Juegos Deportivos Escolares - Ñuble
770,2º Fecha U14 2023,Juegos Deportivos Escolares - Ñuble
771,3º Fecha U14 2023,Juegos Deportivos Escolares - Ñuble
772,Festival de Relevos  2023,Festival de Relevos
776,Campeonato Atlético Junior 2023,Campeonato Atlético Junior
777,Campeonato Atlético Senior 2023,Campeonato Atlético Senior
778,Control Pre-Seleccionados  2023,Control Pre-Seleccionados
779,1º Selectivo Regional 2023,Región de Los Rios
780,Marcha Atlética en Ruta 2023,Campeonato Nacional Argentina
781,1° Fecha 2023,Torneo ADECOP
782,4° Evaluativo 2023,Región de La Araucanía
783,1º Torneo Regional 2023,Región del Bio Bío
784,Torneo Colegio Puerto Varas 2023,Torneo Colegio Puerto Varas
785,Campeonato Atlético Bajo Molle 2023,Campeonato Atlético Bajo Molle
786,2º Fecha 2023,Región de Arica y Parinacota
787,Torneo Colegio Leonardo Da Vinci 2023,Torneo Colegio Leonardo Da Vinci
788,Karsten Brodersen 2023,Karsten Brodersen
789,Torneo Colegio Alemán de Chillán 2023,Torneo Colegio Alemán de Chillán
790,2023,Torneo Club Atlético Parral
791,Torneo Club Atlético Valparaíso  2023,Torneo Club Atlético Valparaíso
792,Mayo 2023,Meeting UC
793,Santiago 21 K 2023,Santiago 21 K
794,2° Torneo Sexta Región 2023,Región de O'Higgins
795,2º Control 2023,Región de Antofagasta
796,Otoño 2023,Región del Maule
798,Metropolitano U20 2023,Metropolitano U20
799,23º Aniversario 2023,Torneo Atlético Real Alemania
800,Preparativo 2023,Región de La Araucanía
801,Control Federado 2023,Región de Los Rios
802,GP Orlando Guaita 2023,Grand Prix Sudamericano
803,1º Fecha 2023,Copa Atletismo Escolar - Coquimbo
805,Selectivo 2023,Juegos Deportivos Escolares - RM
806,Campeonato Fenaude Zona Costa 2023,Campeonato Fenaude Zona Costa
807,Control Lanzamientos 2023,Región de Los Rios
808,Cross Country 2023,Región de La Araucanía
809,Cross Country 2023,Región de La Araucanía
810,Cross Country 2023,Región de La Araucanía
811,Torneo de Invierno 2023,Torneo Club Atlético Búfalos de Tarapacá
812,Torneo de Otoño 2023,Región de La Araucanía
813,10.000 mts 2023,Región de La Araucanía
814,Evaluativo Marcha en Ruta 2023,Región de La Araucanía
815,5º Evaluativo 2023,Región de La Araucanía
816,Saltos y Medio Fondo y Fondo  2023,Región de La Araucanía
817,Velocidad y Lanzamientos 2023,Región de La Araucanía
818,Copa Phoenix 2023,Copa Phoenix
819,1° Fecha 2023,Liga Deportiva de Educación Superior RM
820,2° Fecha 2023,Torneo ADECOP
821,2023 2023,Juegos Deportivos Escolares - Maule
822,-,
823,Copa Atlética Campanario 2023,Copa Atlética Campanario
824,Copa Instituto Inglés de Rancagua 2023,Copa Instituto Inglés de Rancagua
825,Junio 2023,Región de Arica y Parinacota
826,Copa O'Higgins Ejercito 2023,Copa O'Higgins Ejercito
827,Marcha Atlética 2023,Torneo Club Atlético Búfalos de Tarapacá
828,3° Fecha 2023,Torneo ADECOP
829,Copa La Cruz 2023,Copa La Cruz
830,2023 2023,Metropolitano de Cross Country
831,Carabineros de Chile 2023,Todo Competidor AARM
834,Andres Calonje 2023,Grand Prix Sudamericano
835,Torneo Atlético Perla del Norte 2023,Torneo Atlético Perla del Norte
836,Lanzamientos 2023,Campeonato Nacional de Área
837,Cross Country Invierno 2023,Campeonato Nacional
838,Fondo/Medio Fondo y Marcha 2023,Campeonato Nacional de Área
839,Copa Ciudad de Chillán 2023,Copa Ciudad de Chillán
841,Cross Country Cadecu Athletic 2023,Cross Country Cadecu Athletic
842,Torneo Atlético Desierto Florido 2023,Torneo Atlético Desierto Florido
844,Zonal Norte  2023,Región de Tarapacá
845,Lanzamientos 2023,Región de Coquimbo
846,1° Fecha 2023,Juegos Deportivos Escolares - O'Higgins
847,1° Fecha 2023,Juegos Deportivos Escolares - Tarapacá
848,1° Fecha 2023,Torneo Club Sporting Coquimbo
849,2° Fecha 2023,Torneo Club Sporting Coquimbo
850,4° Fecha 2023,Torneo ADECOP
851,Medio Maratón 2023,Campeonato Nacional
853,Cross Country Penco 2023,Cross Country Penco
854,Selectivo Zonal Norte 2023,Región de Arica y Parinacota
855,Selectivo Zonal Norte 2023,Región de Tarapacá
856,Copa Colegio Inglés de Talca 2023,Copa Colegio Inglés de Talca
857,Invierno 2023,Asociación Quinta Región
858,-,
859,Aniversario 39º 2023,Campeonato Club Nilda Rojas
862,Regional U14 2023,Juegos Deportivos Escolares - Maule
863,"Copa San Anselmo ""María Gracia Varas"" 2023","Copa San Anselmo ""María Gracia Varas"""
864,CODEFEN 2023,Campeonato de Atletismo Interescuelas Matrices - CODEFEN
865,Fiestas Patrias 2023,Torneo Club Atlético Búfalos de Tarapacá
867,Final Nacional 2023,Juegos Deportivos Escolares
874,Septiembre 2023,Meeting UC
875,Garrocha 2023,Campeonato Nacional de Área
876,Bala 1° Fecha 2023,Meeting UC
877,Bala 2° Fecha 2023,Meeting UC
878,2° Septiembre 2023,Meeting UC
879,Día del Niño 2023,Día del Niño
880,Festival de Relevos 2023,Meeting NCT - Talagante
881,Torneo Atlético Manuel Larraín 2023,Torneo Atlético Manuel Larraín
882,Torneo Colegio Arrayanes 2023,Torneo Colegio Arrayanes
884,Torneo Atlético Runnorth Chile 2023,Torneo Atlético Runnorth Chile
885,Torneo Liceo Bicentenario Coihueco 2023,Torneo Liceo Bicentenario Coihueco
886,Copa Santa Úrsula 2023,Copa Santa Úrsula
887,-,
888,Federado y Máster 2023,Torneo Pruebas No Tradicionales
889,Escolar 2023,Torneo Pruebas No Tradicionales
890,Ñuble 2023,Selectivo Binacionales La Araucanía
891,3° Torneo Sexta Región 2023,Región de O'Higgins
892,Nacional Lanzamientos U16 2023,Región de Los Rios
893,Primavera 2023,Torneo Club Atlético Búfalos de Tarapacá
894,2° Fecha 2023,Liga Deportiva de Educación Superior RM
895,6° Evaluativo 2023,Región de La Araucanía
896,7° Evaluativo 2023,Región de La Araucanía
898,Ñuble 2023,Regional U12 - Ñuble
899,Maratón 2023,Juegos Panamericanos
900,Cross Country Freire 2023,Región de La Araucanía
901,Juvenil  2023,Juegos Deportivos Escolares - Ñuble
902,Torneo Atlético Escolar Karen Gallardo Pinto 2023,Torneo Atlético Escolar Karen Gallardo Pinto
903,Clasificatorio Mundial 2023,Cross Country Escolar UC
904,Aniversario 2023,Torneo Club Atlético Formativo
905,Todo Competidor 2023,Región de Ñuble
906,Club Atlético Coquimbo 2023,Región de Coquimbo
907,Clausura 2023,Meeting UC
908,Aniversario 2º Versión 2023,Torneo Club Atlético Búfalos de Tarapacá
910,Torneo Aniversario Club Atlético Chuquicamata 2023,Torneo Aniversario Club Atlético Chuquicamata
911,Cross Atlético Cheukeniata 2023,Región del Bio Bío
913,Torneo Promesas del Atletismo 2023,Torneo Promesas del Atletismo
914,Campeonato Nacional FENAUDE 2023,Campeonato Nacional FENAUDE
915,Juegos Olímpicos para Padres 2023,Juegos Olímpicos para Padres
916,Clausura 2023,Región de O'Higgins
917,Torneo Stanislav Vozniak 2023,Torneo Stanislav Vozniak
918,3° Versión  2023,Copa Zona Sur Carreras Pedestres
919,Torneo Club Endurance Runners 2023,Torneo Club Endurance Runners
920,Juegos Sudamericanos Escolares 2023,Juegos Sudamericanos Escolares
922,Torneo Ases del Futuro 2023,Torneo Ases del Futuro
923,Torneo San Silvestre 2023,Torneo San Silvestre
924,Cross Country Verano 2023,Asociación Quinta Región
925,Selectivo Cross Country 2024 2023,Región del Bio Bío
926,Selectivo Cross Country 2024 2023,Región de Ñuble
927,Cross Country Verano 2024,Campeonato Nacional
928,Verano 2023,Metropolitano de Cross Country
929,II° Copa Marcha Atlética 2024,Torneo Club Atlético Búfalos de Tarapacá
930,Marzo 2024,Meeting UC
931,2° Marzo 2024,Meeting UC
932,-,
933,2° Agosto 2024,Meeting UC
934,Puente Alto 2024,Todo Competidor AARM
935,Torneo Mario Correa Letelier 2024,Torneo Mario Correa Letelier
936,Todo Competidor 2024,Meeting Club Manquehue
938,Adulto 2024,Campeonato Nacional
939,1° Fecha 2024,Copa Vitacura
940,2° Fecha 2024,Copa Vitacura
941,Rolf Hope 2024,Escolar Atlético Francés
942,Futuro Preparatorio 2024,Futuro Preparatorio
943,Día del Niño 2024,Día del Niño
944,Futuro Final 2024,Futuro Final
945,Atlético Frances 2024,Todo Competidor AARM
946,Carl Strutz 2024,Todo Competidor AARM
947,1° Fecha 2024,Grand Prix de Atletismo Escolar UC
948,2° Fecha 2024,Grand Prix de Atletismo Escolar UC
949,-,
950,4° Fecha 2024,Grand Prix de Atletismo Escolar UC
951,Metropolitano U20 2024,Metropolitano U20
952,1° Fecha 2024,Copa Atletismo Escolar RM
953,2° Fecha 2024,Copa Atletismo Escolar RM
954,3° Fecha 2024,Copa Atletismo Escolar RM
955,4° Fecha 2024,Copa Atletismo Escolar RM
956,5° Fecha 2024,Copa Atletismo Escolar RM
957,6º Fecha 2024,Copa Atletismo Escolar RM
959,U20 2024,Campeonato Nacional
960,-,
961,Carabineros de Chile 2024,Todo Competidor AARM
962,Nicolás Carvajal 2024,Todo Competidor AARM
963,Copa O'Higgins Ejercito 2024,Copa O'Higgins Ejercito
964,Copa Villa María 2024,Copa Villa María
965,2024 2024,Copa San Benito
966,U16-U18 2024,Campeonato Nacional
967,Octagonal Final 2024,Grand Prix de Atletismo Escolar UC
968,Torneo Guillermo García Huidobro 2024,Torneo Guillermo García Huidobro
971,Metropolitano U18 2024,Metropolitano U18
972,New Balance Finals 2024,New Balance Finals
973,Lucy López  2024,Todo Competidor AARM
974,Torneo Stanislav Vozniak 2024,Torneo Stanislav Vozniak
977,Mayo 2024,Meeting Club Manquehue
980,Medio Fondo y Saltos 2024,Región de Los Rios
981,Velocidad y Vallas 2024,Región de Los Rios
982,Lanzamientos 2024,Región de Los Rios
983,Marcha Atlética 2024,Campeonato Nacional
984,Interciudades VIIIº Versión 2024,Torneo Club Atlético Parral
986,Maratón de Houston 2024,Maratón de Houston
987,Torneo Colegio Carampangue 2024,Torneo Colegio Carampangue
988,Copa Instituto Inglés de Rancagua 2024,Copa Instituto Inglés de Rancagua
990,Copa La Cruz 2024,Copa La Cruz
991,Torneo Atlético Raúl Guarda 2024,Torneo Atlético Raúl Guarda
992,Torneo de Verano 2024,Región del Bio Bío
993,Torneo Gregorio Corvalán 2024,Torneo Gregorio Corvalán
994,Torneo Atlético Bio Bio 2024,Torneo Atlético Bio Bio
996,Héctor Constanzo 2024,Región del Bio Bío
998,Torneo Atlético Juan Silva Rodríguez 2024,Torneo Atlético Juan Silva Rodríguez
1000,Torneo Categorías Menores 2024,Región del Bio Bío
1003,Cross Cadecu 2024,Región del Bio Bío
1005,Ñuble 2024,Selectivo Binacionales La Araucanía
1007,Torneo Aniversario Ciudad de Coronel 2024,Torneo Aniversario Ciudad de Coronel
1008,Torneo Graciela Mardones Medina 2024,Torneo Graciela Mardones Medina
1009,Torneo Aniversario Ciudad de Concepción 2024,Torneo Aniversario Ciudad de Concepción
1011,JJ.BB de la Juventud 2024,Control Evaluativo Fedachi
1012,Apertura 2024,Región de La Araucanía
1013,Apertura 2024,Torneo Asoc. Atletismo Curicó
1014,Torneo Aniversario 2024,Torneo Club Atlético Liceo
1015,Glorias del Ejercito 2024,Torneo Club Atlético Liceo
1016,Día del Niño 2024,Torneo Asoc. Atletismo Curicó
1017,4º Meeting Alejandra Ramos 2024,Torneo Asoc. Atletismo Curicó
1024,Lanzamientos 2024,Control Evaluativo Fedachi
1025,Torneo de Verano 2024,Torneo Club Atlético Liceo
1026,Torneo Club Atlético S-2000 2024,Torneo Club Atlético S-2000
1027,Control Apertura Ñuble 2024,Club Atlético Quilamapu
1028,Lanzamientos y 10.000 mts 2024,Asociación Quinta Región
1029,Fondo y Medio Fondo 2024,Asociación Quinta Región
1030,"Velocidad, Saltos y Vallas 2024",Asociación Quinta Región
1031,1º Evaluativo 2024,Región de La Araucanía
1033,Santiago 2024,Grand Prix Internacional
1034,2024,Continental Tour - Bronze
1035,Copa Santa Úrsula 2024,Copa Santa Úrsula
1036,1° Control 2024,Región de Antofagasta
1037,Mixto Final 2024,Escolar Atlético Francés
1038,2º Evaluativo 2024,Región de La Araucanía
1039,Torneo Colegio Puerto Varas 2024,Torneo Colegio Puerto Varas
1041,Media Maratón 2024,Campeonato Nacional
1042,Torneo de Otoño 2024,Torneo Club Atlético Búfalos de Tarapacá
1043,Apertura 1° Etapa 2024,Asociación Quinta Región
1044,Apertura 2° Etapa 2024,Asociación Quinta Región
1045,Invierno 1° Etapa 2024,Asociación Quinta Región
1048,Torneo Club Atlético Valparaíso  2024,Torneo Club Atlético Valparaíso
1050,The Grange School Intercolor 2024,The Grange School Intercolor
1051,Apertura 2024,Torneo Club Sporting Coquimbo
1052,Inaugural 2024,Región de O'Higgins
1053,Copa Internacional Marcha Atlética 2024,Copa Internacional Marcha Atlética
1054,Aniversario 2024,Región de Antofagasta
1055,Glorias Navales 2024,Región de Antofagasta
1056,10° Promesas del Atletismo 2024,Torneo Atlético Real Alemania
1057,2° Control 2024,Región de Antofagasta
1058,Torneo Atlético Perla del Norte 2024,Torneo Atlético Perla del Norte
1059,Torneo de la Amistad (Colegios Regnum Christi) 2024,Torneo de la Amistad (Colegios Regnum Christi)
1060,Evaluativo Marzo 2024,Región de Los Rios
1061,Campeonato de Colores La Maisonnette 2024,Campeonato de Colores La Maisonnette
1062,Apertura 2024,Región de Arica y Parinacota
1063,Apertura 2024,Torneo Club Atlético Parral
1064,Maratón 2024,Campeonato Nacional
1066,2024,Campeonato Atlético Gerardo Manzanares
1067,Preparatorio U20 2024,Región de La Araucanía
1068,Campeonato Atlético Gerardo Manzanares Escolar 2024,Campeonato Atlético Gerardo Manzanares Escolar
1069,Torneo Nido de Aguilas 2024,Torneo Nido de Aguilas
1070,Campeonato Atlético Junior 2024,Campeonato Atlético Junior
1071,Campeonato Atlético Senior 2024,Campeonato Atlético Senior
1072,-,
1073,2° Fecha 2024,Torneo Club Sporting Coquimbo
1074,1° Fecha 2024,Cross Country Escolar UC
1075,2° Torneo 2024,Región de O'Higgins
1076,Clasificatorio U14 y Adaptado 2024,Juegos Deportivos Escolares - Ñuble
1077,-,
1078,Escolar Atlético Quilamapu 2024,Escolar Atlético Quilamapu
1079,Campeonato Lycee Claude Gay 2024,Campeonato Lycee Claude Gay
1080,Festival de Relevos  2024,Festival de Relevos
1081,Todo Competidor 2024,Meeting UC
1082,2° Torneo 2024,Región de Arica y Parinacota
1083,10.000m Planos 2024,Campeonato Nacional
1084,1° Fecha 2024,Torneo Atlético Unlimited
1085,1° Etapa 2024,Fenaude RM
1086,Otoño 2024,Región de La Araucanía
1087,Meeting Atlético Centro Sur 2024,Meeting Atlético Centro Sur
1088,1° Fecha RM 2024,Liga Deportiva de Educación Superior RM
1089,"2° Medio Fondo, Fondo y Saltos 2024",Región de La Araucanía
1090,3° Torneo 2024,Región de O'Higgins
1091,2° Fecha 2024,Liga Escolar Asociación de O'Higgins
1092,Mes del Mar 2024,Región de Tarapacá
1093,Comunal  2024,Juegos Deportivos Escolares - Maule
1094,Campeonato Atlético Bajo Molle 2024,Campeonato Atlético Bajo Molle
1095,Festival de Lanzamientos 2024,Región de Atacama
1096,Invierno y 10.000 mts 2024,Región de La Araucanía
1097,Invierno 2° Etapa 2024,Asociación Quinta Región
1099,Torneo Regional 2024,Asociación Quinta Región
1100,Torneo Clausura 2024,Asociación Quinta Región
1101,2° Fecha 2024,Torneo Atlético Unlimited
1102,Inaugural 2024,Torneo Club Atlético Formativo
1103,Mayo 2024,Región de Arica y Parinacota
1104,Cross Country 1° Fecha 2024,Región de La Araucanía
1105,Cross Country 2° Fecha 2024,Región de La Araucanía
1106,Cross Country 3° Fecha 2024,Región de La Araucanía
1107,Mayo 2024,Meeting UC
1108,Regional U14 y Juvenil 2024,Juegos Deportivos Escolares - RM
1109,Adaptado 2024,Juegos Deportivos Escolares - RM
1116,1° Fecha 2024,Juegos Olimipicos Estudiantiles
1117,2° Fecha 2024,Juegos Olimipicos Estudiantiles
1118,3° Fecha 2024,Juegos Olimipicos Estudiantiles
1119,2024 2024,Juegos Olimipicos Estudiantiles
1120,Karsten Brodersen 2024,Karsten Brodersen
1121,1° Fecha 2024,Escolar Nicolás Carvajal
1122,2° Fecha 2024,Escolar Nicolás Carvajal
1123,Campeonato Fenaude Zona Costa 2024,Campeonato Fenaude Zona Costa
1124,Cross Country Invierno 2024,Campeonato Nacional
1125,3° Fecha 2024,Torneo Club Sporting Coquimbo
1126,-,
1127,1° Etapa 2024,Torneo ADECOP
1128,2° Etapa 2024,Torneo ADECOP
1129,4° Etapa 2024,Torneo ADECOP
1130,Orgullo Aconcagua 2024,Orgullo Aconcagua
1131,Control Regional 2024,Región de Atacama
1132,"Torneo Fe, Esperanza y Amor 2024","Torneo Fe, Esperanza y Amor"
1133,1° Control 2024,Juegos Deportivos Escolares - Araucanía
1134,2° Control 2024,Juegos Deportivos Escolares - Araucanía
1135,Regional U14 y Prep Binacional 2024,Juegos Deportivos Escolares - Araucanía
1136,"Copa San Anselmo ""María Gracia Varas"" 2024","Copa San Anselmo ""María Gracia Varas"""
1137,Lanzamientos 2024,Meeting NCT - Talagante
1138,Meeting Atlético Estación Central 2024,Meeting Atlético Estación Central
1139,Preparatorio 2024,Juegos Deportivos Nacionales - Araucanía
1140,Para-Atletismo 2024,Juegos Deportivos Escolares - Araucanía
1141,2° Fecha 2024,Cross Country Escolar UC
1142,Aniversario 40° 2024,Campeonato Club Nilda Rojas
1143,U14 y Juvenil 2024,Juegos Deportivos Escolares - O'Higgins
1144,Adaptado 2024,Juegos Deportivos Escolares - O'Higgins
1148,Damas 2024,Juegos Nacionales Maristas
1149,U14 y Juvenil 2024,Juegos Deportivos Escolares - Valparaíso
1150,U14 y Juvenil Adaptado 2024,Juegos Deportivos Escolares - Valparaíso
1151,Invierno 2024,Región del Bio Bío
1152,"Corre, Salta y Lanza 2024",Torneo Club Atlético O'Higgins
1153,Futuras Promesas en Acción 2024,Futuras Promesas en Acción
1154,Selectivo 2024,Juegos Deportivos Nacionales - Los Rios
1155,Copa Atlética Campanario 2024,Copa Atlética Campanario
1156,Agosto 2024,Meeting UC
1157,Regional U14 2024,Juegos Deportivos Escolares - Ñuble
1158,Regional Adaptado 2024,Juegos Deportivos Escolares - Ñuble
1159,Control de Lanzamientos 2024,Región de Atacama
1160,CODEFEN 2024,Campeonato de Atletismo Interescuelas Matrices - CODEFEN
1162,Regional U14 y Juvenil 2024,Juegos Deportivos Escolares - Los Rios
1163,Los Rios 2024,Selectivo Binacionales La Araucanía
1164,Adaptado U14 y Juvenil 2024,Juegos Deportivos Escolares - Los Rios
1165,U14 y Juvenil 2024,Juegos Deportivos Escolares - Los Lagos
1166,U14 y Juvenil Adaptado 2024,Juegos Deportivos Escolares - Los Lagos
1167,Federado Regional 2024,Región del Bio Bío
1168,Meeting Monte Tabor y Nazaret 2024,Meeting Monte Tabor y Nazaret
1169,1° Fecha Ñuble 2024,Liga Deportiva de Educación Superior RM
1170,3° Etapa 2024,Torneo ADECOP
1171,Preparatorio U16/U18 2024,Región de La Araucanía
1172,Preparatorio Juegos Araucania 2024,Región de La Araucanía
1173,3° Fecha 2024,Grand Prix de Atletismo Escolar UC
1174,3° Control 2024,Región de Antofagasta
1175,Copa Iquique 2024,Copa Iquique
1176,Fiestas Patrias 2024,Región del Bio Bío
1177,Septiembre 2024,Meeting UC
1178,Todo Competidor 2024,Todo Competidor AARM
1179,Básica 2024,Olimpiadas CEAS
1180,Media 2024,Olimpiadas CEAS
1181,Torneo Atlético Escolar Karen Gallardo Pinto 2024,Torneo Atlético Escolar Karen Gallardo Pinto
1182,Juvenil Adaptado 2024,Juegos Deportivos Escolares - Ñuble
1183,Juvenil 2024,Juegos Deportivos Escolares - Ñuble
1184,Torneo Confraternidad SSCC 2024,Torneo Confraternidad SSCC
1185,Inter Alianzas 2024,Inter Alianzas
1186,-,
1187,Ñuble 2024,Regional U12 - Ñuble
1188,Selectivo 2024,Región de Los Rios
1189,Varones 2024,Juegos Nacionales Maristas
1190,Torneo Franklin Rubio Ortega 2024,Torneo Franklin Rubio Ortega
1191,Zona Sur Interclubes Coronel 2025,Zona Sur Interclubes Coronel
1192,Juegos Deportivos Nacionales 2024,Juegos Deportivos Nacionales
1193,Torneo Club Endurance Runners 2024,Torneo Club Endurance Runners
1194,Control Regional 2024,Región de Los Rios
1195,Primavera 2024,Región del Bio Bío
1196,Interescolar Boston Academy 2024,Interescolar Boston Academy
1197,Convencional 2024,Juegos Deportivos Escolares
1198,Adaptado 2024,Juegos Deportivos Escolares
1199,Selectivo JJAA 2024,Región de La Araucanía
1200,Octubre 2024,Meeting UC
1201,Copa Liceo Bicentenario de Coihueco 2024,Copa Liceo Bicentenario de Coihueco
1202,Federado Selectivo JJAA 2024,Región del Bio Bío
1204,Juegos Olímpicos para Padres 2024,Juegos Olímpicos para Padres
1206,Torneo Atlético Runnorth Chile 2024,Torneo Atlético Runnorth Chile
1207,Talentos del Atletismo del Maule 2024,Talentos del Atletismo del Maule
1210,2024,Track and Field Old School
1211,Torneo Colegio Arrayanes 2024,Torneo Colegio Arrayanes
1212,Torneo de Primavera 2024,Región de Ñuble
1213,Olimpiadas Atléticas Nacionales Colegios Adventistas 2024,Olimpiadas Atléticas Nacionales Colegios Adventistas
1214,Torneo Atlético Desierto Florido 2024,Torneo Atlético Desierto Florido
1215,2° Fecha RM 2024,Liga Deportiva de Educación Superior RM
1216,Noviembre 2024,Meeting UC
1217,UBB 2024,Región de Ñuble
1218,Control de Marcas 2024,Región de La Araucanía
1219,Campeonato Fondo y Lanzamientos 2024,Región de Coquimbo
1220,Copa Colegio Inglés de Talca 2024,Copa Colegio Inglés de Talca
1221,Campeonato Nacional FENAUDE 2024,Campeonato Nacional FENAUDE
1222,Cross Country A. Cheukeniata 2024,Región del Bio Bío
1223,Copa Aniversario Ciudad de Iquique 2024,Copa Aniversario Ciudad de Iquique
1224,-,
1225,Medio Fondo y Fondo 2024,Campeonato Nacional de Área
1226,Lanzamientos 2024,Campeonato Nacional de Área
1227,Saltos 2024,Campeonato Nacional de Área
1228,"Velocidad, Vallas y Relevos 2024",Campeonato Nacional de Área
1231,Parte I 2024,Torneo Profesor Hernán Pezoa
1232,Parte II 2024,Torneo Profesor Hernán Pezoa
1235,Meeting Nocturno 2025,Club Atlético Quilamapu
1236,Selectivo Regional Cross Country 2025,Región del Bio Bío
1237,Evaluativo Velocidad y Vallas 2025,Región de Los Rios
1238,Evaluativo Medio Fondo/ Saltos 2025,Región de Los Rios
1239,Evaluativo Lanzamientos 2025,Región de Los Rios
1241,Apertura 2025,Meeting UC
1242,Apertura Todo Competidor 2025,Meeting UC
1243,1º Todo Competidor Agosto 2025,Meeting UC
1246,Puente Alto 2025,Todo Competidor AARM
1247,USACH 2025,Todo Competidor AARM
1249,Atlético Francés 2025,Todo Competidor AARM
1251,Lucy López 2025,Todo Competidor AARM
1253,Torneo Mario Correa Letelier 2025,Torneo Mario Correa Letelier
1254,Metropolitano U18 2025,Metropolitano U18
1255,Copa O'Higgins Ejercito 2025,Copa O'Higgins Ejercito
1256,Metropolitano U20 2025,Metropolitano U20
1258,Torneo Guillermo García Huidobro 2025,Torneo Guillermo García Huidobro
1259,Campeonato de Colores La Maisonnette 2025,Campeonato de Colores La Maisonnette
1260,Adulto 2025,Campeonato Nacional
1261,U18 2025,Campeonato Nacional
1262,U16 2025,Campeonato Nacional
1264,U20 2025,Campeonato Nacional
1265,Rolf Hoppe 2025,Escolar Atlético Francés
1266,Mixto Final 2025,Escolar Atlético Francés
1267,"Copa San Anselmo ""María Gracia Varas"" 2025","Copa San Anselmo ""María Gracia Varas"""
1268,Futuro Preparatorio 2025,Futuro Preparatorio
1269,Futuro Final 2025,Futuro Final
1270,1º Fecha 2025,Grand Prix de Atletismo Escolar UC
1271,2º Fecha 2025,Grand Prix de Atletismo Escolar UC
1272,3º Fecha 2025,Grand Prix de Atletismo Escolar UC
1273,4º Fecha 2025,Grand Prix de Atletismo Escolar UC
1274,Octogonal Final 2025,Grand Prix de Atletismo Escolar UC
1275,Copa Villa María 2025,Copa Villa María
1276,1º Fecha 2025,Copa Vitacura
1277,2º Fecha 2025,Copa Vitacura
1278,2025 2025,Copa San Benito
1279,Día del Niño 2025,Día del Niño
1280,Copa Santa Úrsula 2025,Copa Santa Úrsula
1281,New Balance Finals 2025,New Balance Finals
1282,Torneo Stanislav Vozniak 2025,Torneo Stanislav Vozniak
1285,2025 2025,Track and Field Old School
1286,1º Fecha 2025,Copa Atletismo Escolar RM
1287,2º Fecha 2025,Copa Atletismo Escolar RM
1288,3º Fecha 2025,Copa Atletismo Escolar RM
1289,4º Fecha 2025,Copa Atletismo Escolar RM
1290,5º Fecha 2025,Copa Atletismo Escolar RM
1291,6º Fecha 2025,Copa Atletismo Escolar RM
1292,Juegos Olímpicos para Padres 2025,Juegos Olímpicos para Padres
1293,The Grange School Intercolor 2025,The Grange School Intercolor
1294,Torneo Colegio Carampangue 2025,Torneo Colegio Carampangue
1295,Copa Nacional de Cross Country 2025,Copa Nacional de Cross Country
1296,Torneo Nido de Aguilas 2025,Torneo Nido de Aguilas
1297,Copa La Cruz 2025,Copa La Cruz
1298,Copa Atlética Campanario 2025,Copa Atlética Campanario
1299,Interescolar Boston Academy 2025,Interescolar Boston Academy
1300,Copa Instituto Inglés de Rancagua 2025,Copa Instituto Inglés de Rancagua
1301,Torneo Apertura 2025,Región de La Araucanía
1302,Torneo Día de la Mujer 2025,Región de La Araucanía
1303,Preparatorio C. Nacional Adulto 2025,Región de La Araucanía
1304,Campeonato de Otoño 2025,Región de La Araucanía
1305,Preparatorio Nacional U18 2025,Región de La Araucanía
1315,Torneo Día de la Mujer 2025,Región de Ñuble
1316,Torneo Categorias Menores 2025,Región de Ñuble
1317,Torneo Otoño Atlético Ñuble 2025,Región de Ñuble
1318,Gabriel Barrenechea 2025,Región del Bio Bío
1319,1° Control de Lanzamientos 2025,Región de Atacama
1320,2° Control de Lanzamientos 2025,Región de Atacama
1321,3° Control de Lanzamientos 2025,Región de Atacama
1322,Campeonato Fenaude Zona Costa 2025,Campeonato Fenaude Zona Costa
1323,4° Control de Lanzamientos 2025,Región de Atacama
1324,Torneo Colegio Puerto Varas 2025,Torneo Colegio Puerto Varas
1325,Meeting 2025,Región de Los Rios
1326,Meeting Saltos Horizontales 2025,Región de O'Higgins
1327,Torneo Club Atlético S-2000 2025,Torneo Club Atlético S-2000
1328,"Lanzamiento, Fondo y Medio Fondo 2025",Asociación Quinta Región
1329,Velocidad y Saltos 2025,Asociación Quinta Región
1330,1º Control Regional 2025,Región de Atacama
1331,Copa Nacional de Marcha en Ruta 2025,Copa Nacional de Marcha en Ruta
1332,Copa San Isidro 2025,Copa San Isidro
1333,Control Velocidad y Lanzamientos 2025,Región de Los Lagos
1334,"Medio Fondo, Fondo y Saltos 2025",Control de Marcas Gerardo Manzanares
1335,1º Marzo 2025,Meeting Club Manquehue
1336,Torneo Colegio Alemán de Puerto Varas 2025,Torneo Colegio Alemán de Puerto Varas
1337,Héctor Constanzo 2025,Región del Bio Bío
1338,Apertura Atlético Nancagua 2025,Región de O'Higgins
1339,Torneo de la Amistad (Colegios Regnum Christi) 2025,Torneo de la Amistad (Colegios Regnum Christi)
1340,XL Zurich Maratón Sevilla 2025 2025,Maratón de Sevilla
1341,Interescolar Soprole de Osorno 2025,Interescolar Soprole de Osorno
1342,Maratón de Houston 2025,Maratón de Houston
1343,Apertura 2025,Asociación Quinta Región
1344,Campeonato Lycee Claude Gay 2025,Campeonato Lycee Claude Gay
1345,Media Maratón 2025,Campeonato Nacional
1346,2º Marzo 2025,Meeting Club Manquehue
1347,Torneo Colegio Arrayanes 2025,Torneo Colegio Arrayanes
1348,Maratón 2025,Campeonato Nacional
1349,1º Control 2025,Región de Antofagasta
1350,Gregorio Corvalán 2025,Región del Bio Bío
1351,Regional Otoño 2025,Asociación Quinta Región
1353,Regional Invierno 2025,Asociación Quinta Región
1354,Cross Country Invierno 2025,Asociación Quinta Región
1355,Regional Invierno II Etapa 2025,Asociación Quinta Región
1356,Regional Primavera 2025,Asociación Quinta Región
1357,Regional Aniversario 2025,Asociación Quinta Región
1358,Clausura 2025,Asociación Quinta Región
1359,Interescolar Soprole de Temuco 2025,Interescolar Soprole de Temuco
1360,Preparatorio 2025,Interescolar Mixto
1361,Final 2025,Interescolar Mixto
1362,Interescolar Soprole de Iquique 2025,Interescolar Soprole de Iquique
1363,Interescolar Soprole Zona Sur 2025,Interescolar Soprole Zona Sur
1364,Interescolar Soprole de Puerto Montt 2025,Interescolar Soprole de Puerto Montt
1365,Carl Strutz 2025,Todo Competidor AARM
1366,Apertura Todo Competidor Abril 2025,Meeting UC
1367,Iº Selec Binacionales Araucanía 2025,Campeonato Atlético Gerardo Manzanares
1368,IIº Selec Binacionales Araucanía 2025,Campeonato Atlético Gerardo Manzanares
1369,2º Control 2025,Región de O'Higgins
1370,Festival de Relevos  2025,Festival de Relevos
1371,Juan Silva Rodríguez 2025,Región del Bio Bío
1372,Control Prep. Nacional U18 2025,Región de Los Rios
1373,XLIII Orlando Guaita 2025,Grand Prix Sudamericano
1374,Ciudad de Santiago 2025,Continental Tour - Bronze
1375,Campeonato Atlético Bajo Molle 2025,Campeonato Atlético Bajo Molle
1376,Abril 2025,Meeting UC
1377,Mes del Mar 2025,Región de Tarapacá
1378,Torneo Aniversario Antofagasta 2025,Torneo Aniversario Antofagasta
1379,Otoño 2025,Región del Bio Bío
1380,1º Zonal RM 2025,Liga Deportiva de Educación Superior RM
1381,Provincias Punilla e Itata 2025,Juegos Deportivos Escolares - Ñuble
1382,Interciudades IXº Versión 2025,Torneo Club Atlético Parral
1384,Cross Country Invierno A. Nahuen 2025,Región del Bio Bío
1385,Provincia Diguillin 2025,Juegos Deportivos Escolares - Ñuble
1386,Mayo 2025,Meeting UC
1387,1º Fecha 2025,Control de Marcas Zona Sur
1388,2º Fecha 2025,Control de Marcas Zona Sur
1389,3º Fecha 2025,Control de Marcas Zona Sur
1390,1º Fecha 2025,Torneo Interfacultades
1391,2º Fecha 2025,Torneo Interfacultades
1392,3º Fecha 2025,Torneo Interfacultades
1393,Regional 2025,Juegos Deportivos Escolares - RM
1394,Selectivo Binacionales RM 2025,Selectivo Binacionales RM
1395,Selectivo Juegos de la Araucanía 2025,Región de Ñuble
1396,1º Fecha 2025,Campeonato Manquehue
1397,Cross Country Invierno Cadecu A. 2025,Región del Bio Bío
1399,1º Fecha 2025,Fenaude RM
1400,Arena de Campeones Santo Tomás 2025,Arena de Campeones Santo Tomás
1401,Cross Country 2025,Campeonato Nacional
1402,Invierno 2025,Región de Antofagasta
1403,Torneo Atlético Perla del Norte 2025,Torneo Atlético Perla del Norte
1404,2º Selectivo JJAA 2025,Región de La Araucanía
1405,Invierno 2025,Meeting NCT - Talagante
1406,Regional U14 2025,Juegos Deportivos Escolares - Ñuble
1407,Regional 2025,Juegos Deportivos Escolares - O'Higgins
1408,Regional 2025,Juegos Deportivos Escolares - Valparaíso
1409,Copa Liceo Bicentenario de Coihueco 2025,Copa Liceo Bicentenario de Coihueco
1410,3º Selec Binacionales Araucanía 2025,Asociación Puerto Montt
1411,3º Control 2025,Región de O'Higgins
1412,Campeonato Los Mejores de Chile 2025,Campeonato Los Mejores de Chile
1413,Interescolar Soprole de Valdivia 2025,Interescolar Soprole de Valdivia
1415,Regional 2025,Juegos Deportivos Escolares - Los Rios
1416,Los Ríos 2025,Selectivo Binacionales La Araucanía
1417,Copa Ciudad de Chillán 2025,Copa Ciudad de Chillán
1418,Para Atletismo 2025,Juegos Deportivos Escolares - Valparaíso
1419,Para Atletismo 2025,Juegos Deportivos Escolares - Los Rios
1420,Control JDE y OE 2025,Juegos Deportivos Escolares - Araucanía
1421,U18 2024,Campeonato Sudamericano
1422,Torneo Promesas del Atletismo 2025,Torneo Promesas del Atletismo
1423,Aniversario 41º 2025,Campeonato Club Nilda Rojas
1424,Damas 2025,Juegos Nacionales Maristas
1425,Copa Atlético Limarí Ovalle 2025,Copa Atlético Limarí Ovalle
1426,Regional 2025,Juegos Deportivos Escolares - Araucanía
1427,Para Atletismo y OE 2025,Juegos Deportivos Escolares - Araucanía
1428,Araucanía 2025,Selectivo Binacionales La Araucanía
1429,2º Todo Competidor Agosto 2025,Meeting UC
1430,2º Fecha 2025,Campeonato Manquehue
1431,1º Control de Marcas 2025,Región de La Araucanía
1432,Control de Marcas Norte Grande 2025,Región de Tarapacá
1433,Control Regional de Lanzamientos 2025,Región de Atacama
1434,Campeonato Atlético Junior 2025,Campeonato Atlético Junior
1435,Campeonato Atlético Senior 2025,Campeonato Atlético Senior
1436,Evaluativo Lanzamientos Agosto 2025,Región de Los Rios
1437,Control de Lanzamientos Nocturno 2025,Región de Atacama
1438,Control Preparativo Nacionales 2025,Región de Atacama
1439,Torneo Aniversario Ciudad de Coronel 2025,Torneo Aniversario Ciudad de Coronel
1440,Torneo Atlético Desierto Florido 2025,Torneo Atlético Desierto Florido
1441,2º Selectivo JJAA 2025,Región de Ñuble
1442,Final Nacional 2025,Juegos Deportivos Escolares
1443,2º Control 2025,Región de Antofagasta
1444,U16 2025,Región del Bio Bío
1445,CODEFEN 2025,Campeonato de Atletismo Interescuelas Matrices - CODEFEN
1446,4º Selectivo Los Lagos 2025,Selectivo Binacionales La Araucanía
1447,Invierno Selectivo JJAA 2025,Región del Bio Bío
1449,2025 2025,Juegos Olimipicos Estudiantiles
1450,Liga Deportiva de Educación Superior Ñuble 2025,Liga Deportiva de Educación Superior Ñuble
1451,3º Selectivo JJAA 2025,Región de La Araucanía
1452,Torneo Mes de la Patria 2025,Región del Bio Bío
1453,Torneo Fiestas Patrias 2025,Torneo Club Atlético Búfalos de Tarapacá
1454,2º Zonal RM 2025,Liga Deportiva de Educación Superior RM
1455,Torneo Graciela Mardones Medina 2025,Torneo Graciela Mardones Medina
1456,Torneo Franklin Rubio Ortega 2025,Torneo Franklin Rubio Ortega
1457,Futuras Promesas en Acción 2025,Futuras Promesas en Acción
1458,2º Control Regional Lanzamientos 2025,Región de Atacama
1459,3º Control Regional Lanzamientos 2025,Región de Atacama
1460,Torneo Atlético Runnorth Chile 2025,Torneo Atlético Runnorth Chile
1461,Karsten Brodersen 2025,Karsten Brodersen
1462,Meeting Pruebas de Campo 2025,Región de Los Rios
1463,Control JJAA y Adulto 2025,Región de Los Rios
1464,Open 2025,Liga Deportiva de Educación Superior RM
1465,Cross Country Generación Dorada 2025,Región del Bio Bío
1466,Campeonato Nacional FENAUDE 2025,Campeonato Nacional FENAUDE
1467,Torneo Aniversario Club Atlético Chuquicamata 2025,Torneo Aniversario Club Atlético Chuquicamata
1468,Juvenil U17 2025,Juegos Deportivos Escolares - Ñuble
1469,Selectivo Final JJAA 2025,Región de La Araucanía
1470,Varones 2025,Juegos Nacionales Maristas
1471,4º Selectivo JJAA 2025,Región de La Araucanía
1472,5º Selectivo JJAA 2025,Región de La Araucanía
1473,3º Fecha 2025,Campeonato Manquehue
1474,Básica 2025,Olimpiadas CEAS
1475,Media 2025,Olimpiadas CEAS
1476,Todo Competidor Octubre 2025,Meeting UC
1477,2º Control Prep. Nacionales 2025,Región de Atacama
1479,Torneo Atlético Primavera 2025,Región del Bio Bío
1480,2025 2025,Torneo Club Sporting Coquimbo
1481,Meeting Nacional Fondo y Medio Fondo 2025,Meeting Nacional Fondo y Medio Fondo
1482,Torneo Aniversario Ciudad de Concepción 2025,Torneo Aniversario Ciudad de Concepción
1483,Torneo Club Endurance Runners 2025,Torneo Club Endurance Runners
1484,Interescolar Crecer en Movimiento 2025,Interescolar Crecer en Movimiento
1485,Campeonato Aniversario Club Atlético Volcanes 2025,Campeonato Aniversario Club Atlético Volcanes
1486,"Juegos Binacionales de Integración Andina ""Cristo Redentor"" 2025","Juegos Binacionales de Integración Andina ""Cristo Redentor"""
1487,Regional U12 2025,Juegos Deportivos Escolares - Ñuble
1488,Torneo Aniversario Club Atlético Rautén 2025,Torneo Aniversario Club Atlético Rautén
1489,Encuentro Atlético FEASC 2025,Encuentro Atlético FEASC
1490,Torneo Atlético Raúl Guarda 2025,Torneo Atlético Raúl Guarda
1491,Torneo Asociación 2025,Región de Coquimbo
1492,Torneo Final Control Marcas JJAA 2025,Región del Bio Bío
1493,Huinganal 2025,Copa Lo Barnechea
1494,Copa Colegio Inglés de Talca 2025,Copa Colegio Inglés de Talca
1495,Campeonato Zonal Norte Copiapó 2025,Región de Atacama
1496,3º Control 2025,Región de Antofagasta
1497,Torneo Aniversario Copiapó 2025,Torneo Aniversario Copiapó
1499,Milla y 5K 2026,Campeonato Nacional
1500,Copa Nacional de Marcha en Ruta 2026,Copa Nacional de Marcha en Ruta
1501,Torneo Apertura 2026,Región de La Araucanía
1503,Adulto 2026,Campeonato Nacional
1504,U20 y U23 2026,Campeonato Nacional
1505,Asociaciones 2026,Campeonato Nacional
1509,Orlando Guaita 2026,Continental Tour - Bronze
1510,Meeting Internacional MDC Los Ríos 2026,Meeting Internacional MDC Los Ríos
1511,1º Velocidad y Lanzamientos 2026,Meeting Gerardo Manzanares
1512,"Promo, 1/2 Fondo, Fondo y Saltos 2026",Meeting Gerardo Manzanares
1513,"Promocional, Velocidad y Lanz 2026",Meeting Gerardo Manzanares
1514,"2º Medio Fondo, Fondo y Saltos 2026",Meeting Gerardo Manzanares
1519,Copa Nacional de Cross Country 2026,Copa Nacional de Cross Country
1520,Selectivo Regional Cross Country 2026,Región del Bio Bío
1522,Aniversario 2026,Torneo Atlético Maullín
1523,1º Torneo 2026,Torneo Atlético Maullín
1525,Control Short Track 2026,Asociación Quinta Región
1526,Evaluativo Velocidad y Vallas 2026,Región de Los Rios
1527,Evaluativo Medio Fondo 2026,Región de Los Rios
1528,Torneo Tormenta del Desierto 2026,Torneo Tormenta del Desierto
1529,"Velocidad, Saltos y Lanzamientos 2026",Meeting Club Bajo Molle
1530,"Meeting Medio Fondo, Fondo, Lanz 2026",Región de Tarapacá
1532,Mes del Mar 2026,Región de Tarapacá
1533,Campeonato Atlético Bajo Molle 2026,Campeonato Atlético Bajo Molle
1536,Meeting Apertura 2026,Club Atlético Quilamapu
1537,1º Fecha 2026,Circuito de Verano UC
1538,2º Fecha 2026,Circuito de Verano UC
1539,3º Fecha 2026,Circuito de Verano UC
1540,4º Fecha 2026,Circuito de Verano UC
1541,Copa Padre Hurtado de Chillán 2026,Copa Padre Hurtado de Chillán
1542,Control de Verano Los Rayos 2026,Control de Verano Los Rayos
1543,"Control Lanz, M. Fondo y Fondo 2026",Asociación Quinta Región
1544,Control Velocidad y Saltos 2026,Asociación Quinta Región
1545,Apertura 2026,Asociación Quinta Región
1546,Regional Otoño I Etapa 2026,Asociación Quinta Región
1547,Regional Otoño II Etapa 2026,Asociación Quinta Región
1548,Regional Invierno I Etapa 2026,Asociación Quinta Región
1554,Torneo Solidario de Apertura 2026,Región del Bio Bío
1555,Torneo de Apertura 2026,Club Atlético Nancagua
1556,Torneo Mario Correa Letelier 2026,Torneo Mario Correa Letelier
1557,Carlos Strutz 2026,Todo Competidor AARM
1559,Club Cronos 2026,Todo Competidor AARM
1572,Metropolitano U20 2026,Metropolitano U20
1579,Evaluativo Lanzamientos 2026,Región de La Araucanía
1580,Torneo Doctor Juan Sanhueza 2026,Torneo Doctor Juan Sanhueza
1581,Evaluativo Lanz. y Saltos 2026,Región de Los Rios
1582,Interescolar Soprole de Osorno 2026,Interescolar Soprole de Osorno
1583,Interescolar Soprole de Temuco 2026,Interescolar Soprole de Temuco
1584,Preparatorio 2026,Interescolar Mixto
1585,Interescolar Soprole de Iquique 2026,Interescolar Soprole de Iquique
1589,Interescolar Soprole Zona Sur 2026,Interescolar Soprole Zona Sur
1590,2026,Maratón de Sevilla
1591,Zona Sur Interclubes Coronel 2026,Zona Sur Interclubes Coronel
1592,Promesas Chile Puerto Varas 2026,Promesas Chile Puerto Varas
1595,10 Km Valencia 2026,10 Km Valencia
1596,1º Fecha 2026,Grand Prix de Atletismo Escolar UC
1597,2º Fecha 2026,Grand Prix de Atletismo Escolar UC
1598,3º Fecha 2026,Grand Prix de Atletismo Escolar UC
1599,4º Fecha 2026,Grand Prix de Atletismo Escolar UC
1600,Octogonal Final 2026,Grand Prix de Atletismo Escolar UC
1601,Apertura 2026,Atletismo UC Kids
1602,Clausura 2026,Atletismo UC Kids
1603,Campeonato Regional de Trail 2026,Campeonato Regional de Trail
1604,1º Control de Marcas 2026,Región de Atacama
1605,Campeonato de Colores La Maisonnette 2026,Campeonato de Colores La Maisonnette
1606,Torneo Nido de Aguilas 2026,Torneo Nido de Aguilas
1607,Rolf Hoppe 2026,Escolar Atlético Francés
1608,Futuro Preparatorio 2026,Futuro Preparatorio
1620,Todo Competidor 2026,Torneo Club Sporting Coquimbo
1621,1º Fecha 2026,Circuito de Apertura UC
1622,2º Fecha 2026,Circuito de Apertura UC
1623,Regional 2026,Regional
1624,Selectivo Binacionales RM 2026,Selectivo Binacionales RM
1625,10 km Facsa Castellón 2026,10 km Facsa Castellón
1626,1º Evaluativo Regional 2026,Región de La Araucanía
1627,Preparatorio Nacional Adulto 2026,Región de La Araucanía
1628,2º Torneo 2026,Región de O'Higgins
1630,Copa Instituto Inglés de Rancagua 2026,Copa Instituto Inglés de Rancagua
1633,Torneo Colegio Carampangue 2026,Torneo Colegio Carampangue
1634,1º Fecha 2026,Copa Atletismo Escolar RM
1635,2º Fecha 2026,Copa Atletismo Escolar RM
1640,Apertura 2026,Región de Antofagasta
1641,Apertura 2026,Región de Atacama
1642,Héctor Constanzo Toro 2026,Región del Bio Bío
1643,Copa Ciudad de Chillán 2026,Copa Ciudad de Chillán
1644,Torneo de la Amistad (Colegios Regnum Christi) 2026,Torneo de la Amistad (Colegios Regnum Christi)
1645,Preparatorio Nacional Adulto 2026,Región de Los Rios
1646,Copa La Cruz 2026,Copa La Cruz
1647,Festival de Relevos  2026,Festival de Relevos
1648,1º Fecha 2026,Meeting Deportivo Portuario
1649,Campeonato Lycee Claude Gay 2026,Campeonato Lycee Claude Gay
1650,2º Control de Marcas 2026,Región de Atacama
1651,3º Control de Marcas 2026,Región de Atacama
1652,Campeonato Los Rayos del Maule 2026,Campeonato Los Rayos del Maule
1653,1º Fecha 2026,Torneo ADRABB Kid's
1654,1º Fecha 2026,Meeting Atlético Ñuble
1655,Juegos Deportivos Regionales U12 2026,Club Atlético Ñuble
1656,Otoño 2026,Campeonato Club Nilda Rojas
1657,Torneo Colegio Arrayanes 2026,Torneo Colegio Arrayanes
1658,Otoño de Valdivia 2026,Región de Los Rios
1659,Gregorio Corvalán 2026,Región del Bio Bío
1660,Dragon's Cup 2026,Dragon's Cup
1661,3º Torneo 2026,Región de O'Higgins
1663,Torneo Club Atlético Valparaíso  2026,Torneo Club Atlético Valparaíso
1664,Juan Silva 2026,Región del Bio Bío
1665,Otoño 2026,Meeting Club Bajo Molle
1667,Torneo Otoño y Regional 10.000m 2026,Región de La Araucanía
1668,1º Fecha 2026,Control de Marcas Club Atlético Atacama
1669,Otoño 2026,Región del Bio Bío
1670,Preparatorio Nacional U20 y U23 2026,Región de La Araucanía
1672,Campeonato Lanzamientos del Tamarugal 2026,Campeonato Lanzamientos del Tamarugal
1673,"Meeting Interescolar Master ""Alberto Labra"" 2026","Meeting Interescolar Master ""Alberto Labra"""
1675,Torneo Promesas del Atletismo 2026,Torneo Promesas del Atletismo
1676,1º Fecha Escuelas Formativas 2026,Campeonato Manquehue
1677,1º Zonal 2026,Liga Deportiva de Educación Superior RM
1680,IIº Torneo 2026,Región de Antofagasta
1681,Aniversario 2026,Torneo Club Atlético Liceo
1682,Para Atletismo y OE 2026,Para Atletismo y OE
1683,Provincias Punilla e Itata 2026,Provincias Punilla e Itata
1684,Provincia Diguillín 2026,Provincia Diguillín
1685,1º Invierno 2026,Campeonato Club Atlético Volcanes
1686,1º Fecha Invierno 2026,Región de Los Rios
1687,Campeonato Fenaude Zona Costa 2026,Campeonato Fenaude Zona Costa
1688,Torneo Aniversario San Fernando 2026,Región de O'Higgins
1689,1º Fecha 2026,Circuito de Invierno UC
1690,2º Fecha 2026,Circuito de Invierno UC
1691,2º Fecha Invierno 2026,Región de Los Rios
1692,Torneo Franklin Rubio Ortega 2026,Torneo Franklin Rubio Ortega
1693,1º Fecha 2026,Torneo Interfacultades
1694,1º Fecha 2026,Fenaude RM
1695,Regional 2026,Regional
1696,Para Atletismo y OE 2026,Para Atletismo y OE
1697,1º Fecha 2026,Torneo Atlético Unlimited
